brand_name,category,industry,description,brand_mentions
Airbnb,Accommodations,Travel,Online marketplace for short and long-term homestays and experiences. Known for its peer-to-peer model enabling travelers to book unique accommodations globally.,"['vacation rentals', 'local experiences', 'unique stays', 'home sharing', 'travel platform']"
Expedia,Travel Booking,Travel,"Online travel agency offering bookings for flights, hotels, car rentals, cruises, and vacation packages. Focuses on comprehensive travel solutions.","['hotel bookings', 'flight deals', 'vacation packages', 'travel discounts', 'online travel agency']"
Booking.com,Travel Booking,Travel,"Digital travel platform connecting travelers with accommodations, transportation options, and experiences worldwide. Known for its extensive hotel inventory.","['hotel reservations', 'best price guarantee', 'travel deals', 'accommodation booking', 'global coverage']"
TripAdvisor,Travel Reviews,Travel,"Travel guidance platform featuring user-generated reviews of hotels, restaurants, and attractions. Helps travelers plan and book trips with authentic feedback.","['travel reviews', 'user recommendations', 'attraction ratings', 'travel planning', 'destination research']"
Marriott International,Hospitality,Travel,Global hospitality company operating hotel chains across various price points. Known for its loyalty program and range of branded properties.,"['luxury hotels', 'business travel', 'rewards program', 'global accommodations', 'signature service']"
Southwest Airlines,Airlines,Travel,"Low-cost American airline known for its customer-friendly policies, including free checked bags and no change fees. Popular for domestic travel.","['budget flights', 'free baggage', 'no change fees', 'domestic routes', 'friendly service']"
Delta Air Lines,Airlines,Travel,Major American airline serving domestic and international destinations. Known for its comprehensive network and SkyMiles loyalty program.,"['global airline', 'premium travel', 'frequent flyer program', 'business class', 'international flights']"
Airbnb Experiences,Travel Activities,Travel,"Marketplace for unique activities, tours, and classes hosted by local experts. Focuses on authentic, immersive experiences for travelers.","['local tours', 'cooking classes', 'unique activities', 'cultural experiences', 'hosted adventures']"
Hilton Hotels,Hospitality,Travel,International hotel chain operating full-service hotels and resorts. Known for its Hilton Honors loyalty program and consistent service standards.,"['upscale accommodations', 'business hotels', 'resort properties', 'loyalty rewards', 'global network']"
Lonely Planet,Travel Publishing,Travel,"Travel guide publisher providing destination information, reviews, and travel advice. Known for detailed guidebooks and digital travel content.","['travel guides', 'destination expertise', 'backpacking resources', 'travel tips', 'budget travel']"
Nike,Athletic Apparel,Fashion,"Global sportswear manufacturer producing athletic shoes, apparel, and accessories. Known for innovation in performance athletic wear and iconic branding.","['athletic wear', 'performance shoes', 'sportswear innovation', 'fitness apparel', 'iconic swoosh']"
Zara,Fast Fashion,Fashion,Spanish fast fashion retailer known for rapidly producing runway-inspired collections at affordable prices. Features quick inventory turnover and trend responsiveness.,"['affordable fashion', 'runway trends', 'fast fashion', 'trendy clothes', 'quick turnover']"
Gucci,Luxury Fashion,Fashion,"Italian luxury fashion house producing high-end clothing, accessories, and leather goods. Known for distinctive design elements and premium craftsmanship.","['luxury accessories', 'designer bags', 'high fashion', 'Italian craftsmanship', 'fashion statement']"
H&M,Fast Fashion,Fashion,"Swedish multinational clothing retailer focused on affordable fashion for men, women, teenagers, and children. Known for designer collaborations.","['budget fashion', 'clothing essentials', 'designer collaborations', 'sustainable collections', 'everyday style']"
Lululemon,Athletic Apparel,Fashion,Technical athletic apparel company specializing in yoga-inspired products. Known for high-quality performance fabrics and athleisure designs.,"['yoga pants', 'athletic performance', 'quality fabrics', 'athleisure wear', 'fitness fashion']"
Adidas,Athletic Apparel,Fashion,"German sportswear manufacturer designing shoes, clothing, and accessories. Known for iconic three stripes logo and performance athletic wear.","['running shoes', 'sports performance', 'originals collection', 'athletic innovation', 'iconic stripes']"
Uniqlo,Casual Wear,Fashion,"Japanese casual wear designer, manufacturer, and retailer. Known for minimalist designs, innovative fabrics, and affordable basics.","['basic essentials', 'quality fabrics', 'minimal design', 'affordable fashion', 'technical clothing']"
Louis Vuitton,Luxury Fashion,Fashion,"French luxury fashion house specializing in leather goods, accessories, ready-to-wear clothing, and jewelry. Known for its LV monogram and premium craftsmanship.","['designer handbags', 'luxury luggage', 'monogram pattern', 'high-end accessories', 'fashion heritage']"
Patagonia,Outdoor Apparel,Fashion,American clothing company focused on outdoor apparel and environmental activism. Known for sustainable practices and durable outdoor gear.,"['sustainable clothing', 'outdoor gear', 'ethical fashion', 'environmental activism', 'durable apparel']"
Balenciaga,Luxury Fashion,Fashion,Spanish luxury fashion house known for innovative designs and bold aesthetics. Specializes in haute couture and ready-to-wear collections.,"['avant-garde fashion', 'luxury footwear', 'designer clothing', 'fashion forward', 'statement pieces']"
IKEA,Home Furnishings,Lifestyle,"Swedish home furnishing retailer offering affordable, self-assembly furniture and home accessories. Known for minimalist design and global presence.","['affordable furniture', 'home decor', 'Scandinavian design', 'flat-pack assembly', 'modern interiors']"
Anthropologie,Home and Apparel,Lifestyle,"American lifestyle retailer offering women's apparel, accessories, home d√©cor, and furniture. Known for bohemian, artistic aesthetic.","['bohemian style', 'eclectic home decor', 'unique fashion', 'artistic design', 'curated collections']"
Goop,Wellness,Lifestyle,"Lifestyle brand and company founded by actress Gwyneth Paltrow. Focuses on wellness, clean beauty, fashion, and alternative health practices.","['wellness advice', 'clean beauty', 'luxury lifestyle', 'health trends', 'celebrity brand']"
Crate & Barrel,Home Furnishings,Lifestyle,"Retail company specializing in housewares, furniture, and home accessories. Known for modern, high-quality designs with contemporary aesthetics.","['modern furniture', 'quality kitchenware', 'wedding registry', 'home accessories', 'contemporary design']"
West Elm,Home Furnishings,Lifestyle,American furniture retailer offering mid-century modern designs. Known for its contemporary aesthetic and commitment to sustainable sourcing.,"['mid-century design', 'urban furniture', 'sustainable sourcing', 'modern home decor', 'artisan collaborations']"
Lush,Cosmetics,Lifestyle,"British cosmetics retailer selling fresh handmade products. Known for ethical buying, vegetarian ingredients, and minimal packaging.","['handmade cosmetics', 'bath bombs', 'ethical beauty', 'natural ingredients', 'cruelty-free products']"
Pottery Barn,Home Furnishings,Lifestyle,"American upscale home furnishing store chain. Known for classic, comfortable designs and high-quality furniture and accessories.","['classic furniture', 'home essentials', 'quality craftsmanship', 'traditional design', 'seasonal decor']"
Williams-Sonoma,Kitchen and Cookware,Lifestyle,"American retailer of cookware, appliances, and home furnishings. Known for high-quality kitchen products and cooking tools.","['premium cookware', 'kitchen essentials', 'culinary tools', 'gourmet appliances', 'cooking accessories']"
The Body Shop,Cosmetics,Lifestyle,"British cosmetics, skin care, and perfume company with an emphasis on ethical sourcing and natural ingredients. Known for cruelty-free products.","['natural cosmetics', 'ethical sourcing', 'body care', 'cruelty-free beauty', 'community fair trade']"
Sephora,Cosmetics,Lifestyle,"French multinational retailer of personal care and beauty products. Features nearly 3,000 brands and its own private label.","['beauty retailer', 'makeup products', 'skincare brands', 'beauty community', 'cosmetic variety']"
Disney,Entertainment,Family,"American multinational entertainment and media conglomerate. Known for family-friendly films, theme parks, and merchandise.","['family entertainment', 'theme parks', 'animated films', ""children's characters"", 'magical experiences']"
Fisher-Price,Toys,Family,"American company that produces toys for infants and children. Known for durable, educational toys designed for developmental stages.","['educational toys', 'baby products', 'child development', 'learning through play', ""durable children's toys""]"
Pampers,Baby Care,Family,Brand of baby and toddler products marketed by Procter & Gamble. Known for disposable diapers and baby wipes.,"['baby diapers', 'infant care', 'baby hygiene', 'parenting essentials', 'diaper technology']"
Gerber,Baby Food,Family,American purveyor of baby food and baby products. Known for prepared baby foods and nutritional options for infants.,"['baby nutrition', 'infant food', 'baby cereals', 'toddler snacks', 'child development']"
LEGO,Toys,Family,"Danish toy production company known for its interlocking plastic bricks. Focuses on creativity, imagination, and educational play.","['building blocks', 'creative play', 'construction toys', 'educational toys', 'imagination development']"
Johnson's Baby,Baby Care,Family,American brand of baby cosmetics and skin care products. Known for gentle formulations specifically designed for babies.,"['baby shampoo', 'gentle skincare', 'no more tears', 'infant products', 'baby bathing']"
Carter's,Children's Apparel,Family,"American designer and marketer of children's apparel. Known for affordable, quality baby and children's clothing.","['baby clothes', 'kids apparel', 'infant wear', ""children's fashion"", 'affordable quality']"
Mattel,Toys,Family,"American multinational toy manufacturing company. Known for brands like Barbie, Hot Wheels, and Fisher-Price.","['iconic toys', ""children's entertainment"", 'collectible dolls', 'toy vehicles', 'play experiences']"
Huggies,Baby Care,Family,Brand of disposable diapers and baby wipes owned by Kimberly-Clark. Known for leak protection and comfort features.,"['diaper protection', 'baby wipes', 'infant care', 'leak prevention', 'comfortable fit']"
Nintendo,Gaming,Family,Japanese multinational consumer electronics and video game company. Known for family-friendly gaming consoles and franchises.,"['family gaming', 'video game consoles', 'interactive entertainment', 'gaming franchises', 'multi-player fun']"
Spotify,Music Streaming,Music,"Digital music streaming service offering access to millions of songs, podcasts, and videos. Known for personalized playlists and discovery features.","['music streaming', 'playlist curation', 'podcast platform', 'music discovery', 'personalized recommendations']"
Gibson,Musical Instruments,Music,American manufacturer of guitars and other instruments. Known for iconic electric guitar models like the Les Paul and SG.,"['electric guitars', 'professional instruments', 'music heritage', 'iconic sound', 'performance quality']"
Bose,Audio Equipment,Music,"American audio equipment company specializing in speakers, headphones, and audio technology. Known for premium sound quality.","['premium sound', 'noise cancellation', 'audio innovation', 'speaker systems', 'acoustic quality']"
Fender,Musical Instruments,Music,American manufacturer of stringed instruments and amplifiers. Known for the Stratocaster and Telecaster electric guitars.,"['electric guitars', 'bass instruments', 'amplifiers', 'music equipment', 'professional sound']"
Sony Music,Record Label,Music,American global music conglomerate owned by Sony Corporation of America. One of the largest record labels worldwide.,"['record label', 'music publishing', 'artist development', 'music distribution', 'entertainment industry']"
Apple Music,Music Streaming,Music,"Music and video streaming service developed by Apple Inc. Features curated playlists, radio stations, and exclusive releases.","['music library', 'curated playlists', 'exclusive releases', 'artist radio', 'integrated ecosystem']"
Yamaha,Musical Instruments,Music,"Japanese manufacturer of musical instruments, audio equipment, and electronics. Known for pianos, keyboards, and professional audio gear.","['musical instruments', 'professional pianos', 'audio equipment', 'recording gear', 'sound engineering']"
Roland,Audio Equipment,Music,"Japanese manufacturer of electronic musical instruments, electronic equipment, and software. Known for synthesizers and drum machines.","['electronic music', 'synthesizers', 'drum machines', 'music production', 'professional audio']"
Shure,Audio Equipment,Music,American audio products corporation specializing in microphones and audio electronics. Known for professional performance microphones.,"['professional microphones', 'audio electronics', 'recording equipment', 'stage performance', 'sound quality']"
Universal Music Group,Record Label,Music,American global music corporation and the world's largest music company. Represents artists across all musical genres.,"['music industry', 'record label', 'artist representation', 'music publishing', 'talent development']"
Purina,Pet Food,Pets,"American pet food company producing dog food, cat food, and litter. Known for nutritional research and variety of product lines.","['dog food', 'cat nutrition', 'pet care', 'animal welfare', 'veterinary research']"
PetSmart,Pet Retail,Pets,"American retail chain selling pet products, services, and small pets. Features grooming, training, and veterinary services.","['pet supplies', 'animal care', 'pet grooming', 'animal adoption', 'pet training']"
Chewy,Pet E-commerce,Pets,Online retailer of pet food and other pet-related products. Known for customer service and subscription delivery options.,"['pet supplies', 'online pet store', 'subscription delivery', 'pet pharmacy', 'customer service']"
KONG,Pet Toys,Pets,American company producing durable dog toys. Known for the KONG Classic toy designed for chewing and treat dispensing.,"['dog toys', 'chew toys', 'enrichment toys', 'durable products', 'pet entertainment']"
Blue Buffalo,Pet Food,Pets,American pet food company emphasizing natural ingredients. Known for grain-free options and specialized formulations.,"['natural pet food', 'healthy ingredients', 'grain-free options', 'specialized nutrition', 'premium quality']"
Petco,Pet Retail,Pets,"American pet retailer providing products, services, and veterinary care. Known for wide selection and focus on pet wellness.","['pet health', 'animal supplies', 'pet services', 'adoption center', 'nutrition advice']"
Hill's Science Diet,Pet Food,Pets,Pet food brand formulated by veterinarians and nutritionists. Known for precisely balanced nutrition for different life stages and conditions.,"['veterinary diet', 'specialized nutrition', 'prescription food', 'health solutions', 'scientific formulation']"
Whiskas,Pet Food,Pets,Brand of cat food sold internationally. Known for wet and dry food formulated specifically for feline nutrition.,"['cat food', 'feline nutrition', 'wet food', 'dry kibble', 'cat treats']"
Pedigree,Pet Food,Pets,Brand of dog food and treats manufactured by Mars Incorporated. Known for accessible nutrition and global availability.,"['dog nutrition', 'affordable pet food', 'complete meals', 'dental care', 'puppy development']"
Barkbox,Pet Subscription,Pets,"Monthly subscription service that delivers dog products, toys, and treats to pet owners. Known for themed boxes and unique products.","['dog subscription', 'monthly boxes', 'pet treats', 'unique toys', 'themed collections']"
Apple,Consumer Electronics,Tech,"American technology company designing consumer electronics, software, and online services. Known for iPhones, Macs, and integrated ecosystem.","['iPhone', 'Mac computers', 'iOS ecosystem', 'premium design', 'innovative technology']"
Google,Internet Services,Tech,American multinational technology company specializing in internet-related services and products. Known for search engine and software applications.,"['search engine', 'Android OS', 'cloud computing', 'digital services', 'AI technology']"
Microsoft,Software,Tech,"American multinational technology corporation producing computer software, consumer electronics, and related services. Known for Windows OS and Office suite.","['Windows OS', 'Office software', 'cloud services', 'enterprise solutions', 'productivity tools']"
Amazon,E-commerce,Tech,"American multinational technology company focusing on e-commerce, cloud computing, and digital streaming. Known for vast product selection and rapid delivery.","['online shopping', 'Prime membership', 'fast delivery', 'vast selection', 'customer convenience']"
Samsung,Consumer Electronics,Tech,"South Korean multinational conglomerate producing consumer electronics, appliances, and smartphones. Known for Galaxy smartphone series.","['Galaxy smartphones', 'smart TVs', 'home appliances', 'technology innovation', 'display technology']"
Sony,Consumer Electronics,Tech,"Japanese multinational conglomerate corporation producing electronics, gaming, entertainment, and financial services. Known for PlayStation and audio equipment.","['PlayStation', 'audio equipment', 'digital cameras', 'entertainment products', '4K technology']"
Dell,Computers,Tech,American multinational computer technology company developing and selling computers and related products and services. Known for customizable PCs.,"['business laptops', 'custom PCs', 'computer hardware', 'IT solutions', 'enterprise technology']"
Intel,Semiconductors,Tech,American multinational corporation and technology company producing semiconductor chips and microprocessors. Known for processors powering computers worldwide.,"['processors', 'computer chips', 'semiconductor technology', 'computing power', 'technology innovation']"
NVIDIA,Semiconductors,Tech,American multinational technology company designing graphics processing units (GPUs) and system on a chip units (SoCs). Known for gaming and AI applications.,"['graphics cards', 'GPU technology', 'gaming hardware', 'AI computing', 'visual processing']"
Adobe,Software,Tech,"American multinational computer software company. Known for creative software products including Photoshop, Illustrator, and the PDF format.","['creative software', 'design tools', 'digital media', 'PDF technology', 'creative cloud']"
ESPN,Sports Media,Sports,"American multinational basic cable sports channel owned by ESPN Inc. Known for sports broadcasting, news, and original programming.","['sports coverage', 'live broadcasting', 'sports analysis', 'sports entertainment', 'athletic competition']"
Under Armour,Athletic Apparel,Sports,"American sports equipment company manufacturing footwear, sports and casual apparel. Known for performance technologies and moisture-wicking fabrics.","['performance apparel', 'athletic wear', 'moisture-wicking', 'sports equipment', 'training gear']"
Wilson,Sports Equipment,Sports,"American sports equipment manufacturer. Known for producing equipment for many sports, especially tennis, basketball, and American football.","['tennis rackets', 'basketballs', 'football equipment', 'sports gear', 'professional equipment']"
Gatorade,Sports Nutrition,Sports,American manufacturer of sports-themed beverage and food products. Known for sports performance drinks designed to replenish electrolytes.,"['sports drinks', 'electrolyte replenishment', 'athletic hydration', 'performance nutrition', 'energy recovery']"
NFL,Sports League,Sports,"National Football League, the highest professional level of American football in the world. Known for Super Bowl and team franchises.","['professional football', 'Super Bowl', 'team franchises', 'American sports', 'athletic competition']"
NBA,Sports League,Sports,"National Basketball Association, North American professional basketball league. Known for global reach and star athletes.","['professional basketball', 'team competition', 'athletic excellence', 'sports entertainment', 'global fanbase']"
Callaway,Golf Equipment,Sports,"American global sports equipment manufacturing company. Known for golf clubs, balls, and accessories with technological innovations.","['golf clubs', 'golf technology', 'golf accessories', 'professional equipment', 'performance innovation']"
Peloton,Fitness Equipment,Sports,American exercise equipment and media company. Known for stationary bicycles and treadmills with remote fitness classes.,"['home fitness', 'exercise equipment', 'virtual classes', 'fitness community', 'interactive workouts']"
Speedo,Swimwear,Sports,International swimwear brand originating in Australia. Known for competitive swimwear using advanced fabrics and designs.,"['competitive swimwear', 'performance swimsuits', 'water sports', 'swimming accessories', 'racing technology']"
Fitbit,Fitness Technology,Sports,American consumer electronics company producing wireless-enabled wearable devices. Known for activity trackers measuring data such as steps and heart rate.,"['fitness trackers', 'activity monitoring', 'health technology', 'step counting', 'sleep analysis']"
BMW,Luxury Vehicles,Cars,German multinational company producing luxury vehicles and motorcycles. Known for performance-oriented designs and driving dynamics.,"['German engineering', 'luxury sedans', 'performance vehicles', 'driving experience', 'premium features']"
Tesla,Electric Vehicles,Cars,American electric vehicle and clean energy company. Known for advanced electric cars with automated features and battery technology.,"['electric vehicles', 'autonomous driving', 'battery technology', 'clean energy', 'innovative design']"
